model,avg_latency,id_acc,ood_acc,gqr_score,dataset_acc
phi4-mini:3.8b,0.10135855283430557,0.7425555555555555,0.9707623444600664,0.8414608543999751,"{'jigsaw': 0.9925326695706285, 'olid': 0.9593023255813954, 'hate_xplain': 0.9880370682392586, 'hate_speech_slovak ': 0.9499478623566214, 'dkhate': 0.9635258358662614, 'web_questions': 0.9498031496062992, 'ml_questions': 0.9921875}"
qwen3:14b,0.10458632021196064,0.898,0.9734805577178334,0.9342181378540584,"{'jigsaw': 0.9897324206596142, 'olid': 0.9686046511627907, 'hate_xplain': 0.9929233361415333, 'hate_speech_slovak ': 0.9509906152241918, 'dkhate': 0.9726443768996961, 'web_questions': 0.9394685039370079, 'ml_questions': 1.0}"
