model,avg_latency,id_acc,ood_acc,gqr_score,dataset_acc
gemma3:27b,0.21989300908402726,0.9545555555555556,0.9499451945646779,0.9522447947450485,"{'jigsaw': 0.9604853764779091, 'olid': 0.8837209302325582, 'hate_xplain': 0.9770850884582982, 'hate_speech_slovak ': 0.9624608967674662, 'dkhate': 0.9665653495440729, 'web_questions': 0.922736220472441, 'ml_questions': 0.9765625}"
gemma3:1b,0.15919984049516855,0.4011111111111111,0.872033964043608,0.5494778545982294,"{'jigsaw': 0.7756689483509646, 'olid': 0.8616279069767442, 'hate_xplain': 0.7919123841617524, 'hate_speech_slovak ': 0.9103232533889468, 'dkhate': 0.8966565349544073, 'web_questions': 0.922736220472441, 'ml_questions': 0.9453125}"
gemma3:4b,0.16989944542904217,0.8226666666666667,0.9855829313602583,0.8967857377105668,"{'jigsaw': 0.9859987554449284, 'olid': 0.9755813953488373, 'hate_xplain': 0.9969671440606571, 'hate_speech_slovak ': 0.9885297184567258, 'dkhate': 0.9908814589665653, 'web_questions': 0.9611220472440944, 'ml_questions': 1.0}"
gemma3:270m,0.1113198917041457,0.41533333333333333,0.4281158130119926,0.4216277138732948,"{'jigsaw': 0.5230242688238954, 'olid': 0.4232558139534884, 'hate_xplain': 0.6165122156697557, 'hate_speech_slovak ': 0.3816475495307612, 'dkhate': 0.2765957446808511, 'web_questions': 0.23671259842519685, 'ml_questions': 0.5390625}"
granite3.3:8b,0.04997899149485684,0.5596666666666666,0.9916016683735017,0.7155001979529646,"{'jigsaw': 0.9959551960174238, 'olid': 0.9848837209302326, 'hate_xplain': 0.9979780960404381, 'hate_speech_slovak ': 0.9979144942648592, 'dkhate': 0.9969604863221885, 'web_questions': 0.96751968503937, 'ml_questions': 1.0}"
granite3.3:2b,0.040917892060382065,0.6761111111111111,0.9810273250237777,0.800516674152137,"{'jigsaw': 0.9800871188550093, 'olid': 0.9767441860465116, 'hate_xplain': 0.9934288121314238, 'hate_speech_slovak ': 0.97288842544317, 'dkhate': 0.9878419452887538, 'web_questions': 0.9562007874015748, 'ml_questions': 1.0}"
