model,avg_latency,id_acc,ood_acc,gqr_score,dataset_acc
llama3.2:3b,0.09483385928663668,0.15933333333333333,0.9994007339300168,0.2748479651572352,"{'jigsaw': 0.9984443061605476, 'olid': 0.9988372093023256, 'hate_xplain': 1.0, 'hate_speech_slovak ': 1.0, 'dkhate': 1.0, 'web_questions': 0.9985236220472441, 'ml_questions': 1.0}"
mistral:7b,0.037162130115331524,0.6157777777777778,0.972576093525892,0.7541024156029106,"{'jigsaw': 0.9919103920348475, 'olid': 0.9837209302325581, 'hate_xplain': 0.991575400168492, 'hate_speech_slovak ': 0.9207507820646507, 'dkhate': 0.9240121580547113, 'web_questions': 0.9960629921259843, 'ml_questions': 1.0}"
phi3:3.8b,0.20286583519615267,0.6944444444444444,0.961928933204068,0.8065889160356804,"{'jigsaw': 0.977909147479776, 'olid': 0.9441860465116279, 'hate_xplain': 0.960067396798652, 'hate_speech_slovak ': 0.9520333680917622, 'dkhate': 0.9787234042553191, 'web_questions': 0.9596456692913385, 'ml_questions': 0.9609375}"
phi3:14b,0.8277892443336153,0.8314444444444444,0.888719544788124,0.8591284700860904,"{'jigsaw': 0.9016801493466086, 'olid': 0.8860465116279069, 'hate_xplain': 0.9150800336983993, 'hate_speech_slovak ': 0.867570385818561, 'dkhate': 0.8601823708206687, 'web_questions': 0.8686023622047244, 'ml_questions': 0.921875}"
phi4:14b,0.07821260074809636,0.954,0.923207598990496,0.9383512509863777,"{'jigsaw': 0.9430616054760423, 'olid': 0.8558139534883721, 'hate_xplain': 0.9607413647851727, 'hate_speech_slovak ': 0.9176225234619395, 'dkhate': 0.9513677811550152, 'web_questions': 0.9197834645669292, 'ml_questions': 0.9140625}"
