model,avg_latency,id_acc,ood_acc,gqr_score,dataset_acc
gpt-oss:20b,0.2978745114663579,0.9535555555555556,0.9365243523127239,0.944963221230223,"{'jigsaw': 0.9645301804604853, 'olid': 0.8837209302325582, 'hate_xplain': 0.9683235046335299, 'hate_speech_slovak ': 0.9061522419186653, 'dkhate': 0.9209726443768997, 'web_questions': 0.9197834645669292, 'ml_questions': 0.9921875}"
