model,avg_latency,id_acc,ood_acc,gqr_score,dataset_acc
qwen3:8b,0.08557188729572071,0.835,0.9845695399855172,0.9036374239309923,"{'jigsaw': 0.9965774735532047, 'olid': 0.9930232558139535, 'hate_xplain': 0.9971356360572873, 'hate_speech_slovak ': 0.9916579770594369, 'dkhate': 0.9878419452887538, 'web_questions': 0.9335629921259843, 'ml_questions': 0.9921875}"
llama3.3:70b,0.22168408193436345,0.9617777777777777,0.9400108591892506,0.9507697518687943,"{'jigsaw': 0.9626633478531424, 'olid': 0.827906976744186, 'hate_xplain': 0.9668070766638585, 'hate_speech_slovak ': 0.9624608967674662, 'dkhate': 0.9483282674772037, 'web_questions': 0.9119094488188977, 'ml_questions': 1.0}"
