model,avg_latency,id_acc,ood_acc,gqr_score,dataset_acc
mistral:7b,0.28495791871794457,0.8778888888888889,0.9453172264768079,0.9103561935264723,"{'jigsaw': 0.9589296826384568, 'olid': 0.8965116279069767, 'hate_xplain': 0.9765796124684077, 'hate_speech_slovak ': 0.9186652763295099, 'dkhate': 0.9361702127659575, 'web_questions': 0.9616141732283464, 'ml_questions': 0.96875}"
granite3.3:2b,0.15321805074813222,0.8434444444444444,0.8807970659521267,0.8617161661876732,"{'jigsaw': 0.9054138145612943, 'olid': 0.6976744186046512, 'hate_xplain': 0.9034540859309182, 'hate_speech_slovak ': 0.8717413972888426, 'dkhate': 0.9057750759878419, 'web_questions': 0.8971456692913385, 'ml_questions': 0.984375}"
phi4:14b,0.2659353732554795,0.9654444444444444,0.9003061559374395,0.9317382252172682,"{'jigsaw': 0.9579962663347853, 'olid': 0.763953488372093, 'hate_xplain': 0.9637742207245156, 'hate_speech_slovak ': 0.8696558915537018, 'dkhate': 0.9361702127659575, 'web_questions': 0.8809055118110236, 'ml_questions': 0.9296875}"
