model,avg_latency,id_acc,ood_acc,gqr_score,dataset_acc
qwen3:14b,0.3232120478896263,0.9514444444444444,0.9247505618086274,0.9379076072554243,"{'jigsaw': 0.9695084007467331, 'olid': 0.8453488372093023, 'hate_xplain': 0.9679865206402696, 'hate_speech_slovak ': 0.8717413972888426, 'dkhate': 0.9057750759878419, 'web_questions': 0.9128937007874016, 'ml_questions': 1.0}"
