model,avg_latency,id_acc,ood_acc,gqr_score,dataset_acc
mistral:7b,0.2857644061848342,0.8801111111111111,0.9439468255325292,0.9109119537923389,"{'jigsaw': 0.9583074051026758, 'olid': 0.8930232558139535, 'hate_xplain': 0.9780960404380792, 'hate_speech_slovak ': 0.9186652763295099, 'dkhate': 0.9452887537993921, 'web_questions': 0.9611220472440944, 'ml_questions': 0.953125}"
granite3.3:2b,0.15290993217615304,0.8445555555555555,0.8931182093922698,0.8681582938356894,"{'jigsaw': 0.9100808960796515, 'olid': 0.736046511627907, 'hate_xplain': 0.908508845829823, 'hate_speech_slovak ': 0.8842544316996872, 'dkhate': 0.9118541033434651, 'web_questions': 0.9010826771653543, 'ml_questions': 1.0}"
phi4:14b,0.2659353732554795,0.9654444444444444,0.9003061559374395,0.9317382252172682,"{'jigsaw': 0.9579962663347853, 'olid': 0.763953488372093, 'hate_xplain': 0.9637742207245156, 'hate_speech_slovak ': 0.8696558915537018, 'dkhate': 0.9361702127659575, 'web_questions': 0.8809055118110236, 'ml_questions': 0.9296875}"
qwen3:14b,0.37593380669259294,0.9502222222222222,0.9258220830480717,0.9378634765340428,"{'jigsaw': 0.9688861232109521, 'olid': 0.8453488372093023, 'hate_xplain': 0.9674810446503791, 'hate_speech_slovak ': 0.8748696558915537, 'dkhate': 0.9088145896656535, 'web_questions': 0.9153543307086615, 'ml_questions': 1.0}"
